{
  "Mississippi" : {
    "Clinton" : 0.2155000000000000,
    "Trump" : 0.7845000000000000
  },
  "Minnesota" : {
    "Clinton" : 0.9795000000000000,
    "Trump" : 0.0205000000000000
  },
  "Illinois" : {
    "Clinton" : 0.9961000000000000,
    "Trump" : 0.0039000000000000
  },
  "Arkansas" : {
    "Clinton" : 0.0087000000000000,
    "Trump" : 0.9913000000000000
  },
  "New Mexico" : {
    "Clinton" : 0.9378000000000000,
    "Trump" : 0.0561000000000000,
    "Johnson" : 0.0061000000000000
  },
  "Indiana" : {
    "Clinton" : 0.0198000000000000,
    "Trump" : 0.9802000000000000
  },
  "Maryland" : {
    "Clinton" : 0.9999000000000000,
    "Trump" : 0.0001000000000000
  },
  "Louisiana" : {
    "Clinton" : 0.0052000000000000,
    "Trump" : 0.9948000000000000
  },
  "Texas" : {
    "Clinton" : 0.0774000000000000,
    "Trump" : 0.9226000000000000
  },
  "Arizona" : {
    "Clinton" : 0.5330000000000000,
    "Trump" : 0.4670000000000000
  },
  "Iowa" : {
    "Stein" : 0.0043000000000000,
    "Clinton" : 0.9052000000000000,
    "Trump" : 0.0873000000000000,
    "Johnson" : 0.0032000000000000
  },
  "Michigan" : {
    "Clinton" : 0.4790000000000000,
    "Trump" : 0.5092000000000000,
    "Johnson" : 0.0118000000000000
  },
  "Kansas" : {
    "Clinton" : 0.0106000000000000,
    "Trump" : 0.9894000000000000
  },
  "Utah" : {
    "Johnson" : 0.0115000000000000,
    "Clinton" : 0.0464000000000000,
    "Trump" : 0.9352000000000000,
    "Stein" : 0.0069000000000000
  },
  "Virginia" : {
    "Johnson" : 0.0036000000000000,
    "Clinton" : 0.5636000000000000,
    "Trump" : 0.4291000000000000,
    "Stein" : 0.0037000000000000
  },
  "Oregon" : {
    "Clinton" : 0.7984000000000000,
    "Trump" : 0.2016000000000000
  },
  "Connecticut" : {
    "Johnson" : 0.0051000000000000,
    "Clinton" : 0.6296000000000001,
    "Trump" : 0.3598000000000000,
    "Stein" : 0.0055000000000000
  },
  "Tennessee" : {
    "Clinton" : 0.0279000000000000,
    "Trump" : 0.9721000000000000
  },
  "California" : {
    "Clinton" : 0.9724000000000000,
    "Trump" : 0.0241000000000000,
    "Johnson" : 0.0035000000000000
  },
  "Massachusetts" : {
    "Clinton" : 0.9990000000000000,
    "Trump" : 0.0010000000000000
  },
  "West Virginia" : {
    "Clinton" : 0.0012000000000000,
    "Trump" : 0.9988000000000000
  },
  "New Hampshire" : {
    "Clinton" : 0.8513000000000000,
    "Trump" : 0.1487000000000000
  },
  "Wisconsin" : {
    "Stein" : 0.0036000000000000,
    "Clinton" : 0.9442000000000000,
    "Trump" : 0.0492000000000000,
    "Johnson" : 0.0030000000000000
  },
  "Georgia" : {
    "Clinton" : 0.0076000000000000,
    "Trump" : 0.9924000000000000
  },
  "Pennsylvania" : {
    "Johnson" : 0.0009000000000000,
    "Clinton" : 0.6053000000000000,
    "Trump" : 0.3925000000000000,
    "Stein" : 0.0013000000000000
  },
  "Florida" : {
    "Johnson" : 0.0012000000000000,
    "Clinton" : 0.7320000000000000,
    "Trump" : 0.2654000000000000,
    "Stein" : 0.0014000000000000
  },
  "Alaska" : {
    "Clinton" : 0.1337000000000000,
    "Trump" : 0.8663000000000000
  },
  "Kentucky" : {
    "Clinton" : 0.8619000000000000,
    "Trump" : 0.1381000000000000
  },
  "Missouri" : {
    "Clinton" : 0.0089000000000000,
    "Trump" : 0.9911000000000000
  },
  "Ohio" : {
    "Stein" : 0.0025000000000000,
    "Clinton" : 0.6650000000000000,
    "Trump" : 0.3301000000000000,
    "Johnson" : 0.0024000000000000
  },
  "Colorado" : {
    "Stein" : 0.0034000000000000,
    "Clinton" : 0.6144000000000000,
    "Trump" : 0.3776000000000000,
    "Johnson" : 0.0046000000000000
  },
  "New Jersey" : {
    "Clinton" : 0.9741000000000000,
    "Trump" : 0.0225000000000000,
    "Johnson" : 0.0034000000000000
  },
  "North Carolina" : {
    "Johnson" : 0.0025000000000000,
    "Clinton" : 0.4641000000000000,
    "Trump" : 0.5305000000000000,
    "Stein" : 0.0029000000000000
  },
  "New York" : {
    "Clinton" : 0.9991000000000000,
    "Trump" : 0.0009000000000000
  },
  "Nevada" : {
    "Clinton" : 0.8654000000000000,
    "Trump" : 0.1315000000000000,
    "Johnson" : 0.0031000000000000
  },
  "Maine" : {
    "Clinton" : 0.9340000000000001,
    "Trump" : 0.0660000000000000
  }
}